date,year,month,strategy,action,buy_type,stock,price,amount
2010-11-09,2010,11,Timed Entry+Exit,BUY,,SKMEGGPROD,7.8,30250.0
2010-11-09,2010,11,Timed Entry+Exit,BUY,,V2RETAIL,4.28,30250.0
2010-11-09,2010,11,Timed HODL,BUY,signal,SKMEGGPROD,7.8,30250.0
2010-11-09,2010,11,Timed HODL,BUY,signal,V2RETAIL,4.28,30250.0
2010-11-19,2010,11,Timed Entry+Exit,SELL,,V2RETAIL,3.81,26897.36
2010-12-06,2010,12,Timed Entry+Exit,BUY,,TAJGVK,127.55,32397.36
2010-12-06,2010,12,Timed HODL,BUY,signal,TAJGVK,127.55,5500.0
2010-12-13,2010,12,Timed Entry+Exit,SELL,,TAJGVK,120.09,30473.59
2010-12-15,2010,12,Timed Entry+Exit,BUY,,V2RETAIL,3.58,30473.59
2011-01-03,2011,1,Timed Entry+Exit,BUY,,SKMEGGPROD,7.14,6050.0
2011-01-03,2011,1,Timed HODL,BUY,signal,SKMEGGPROD,7.14,6050.0
2011-01-12,2011,1,Timed Entry+Exit,SELL,,SKMEGGPROD,6.36,30021.96
2011-01-18,2011,1,Timed Entry+Exit,SELL,,V2RETAIL,3.06,25978.71
2011-01-24,2011,1,Timed Entry+Exit,BUY,,SUNFLAG,26.44,56000.67
2011-01-28,2011,1,Timed Entry+Exit,BUY,,INDOTECH,185.55,52315.85
2011-01-28,2011,1,Timed Entry+Exit,SELL,,SUNFLAG,24.73,52315.85
2011-01-31,2011,1,Timed Entry+Exit,SELL,,INDOTECH,177.45,49982.04
2011-02-07,2011,2,Timed Entry+Exit,BUY,,HILTON,16.64,56032.04
2011-02-07,2011,2,Timed HODL,BUY,signal,HILTON,16.64,6050.0
2011-03-03,2011,3,Timed Entry+Exit,BUY,,GENUSPOWER,14.97,2016.67
2011-03-03,2011,3,Timed Entry+Exit,BUY,,INDIANCARD,68.71,2016.67
2011-03-03,2011,3,Timed Entry+Exit,BUY,,SUZLON,44.44,2016.67
2011-03-03,2011,3,Timed HODL,BUY,signal,GENUSPOWER,14.97,2016.67
2011-03-03,2011,3,Timed HODL,BUY,signal,INDIANCARD,68.71,2016.67
2011-03-03,2011,3,Timed HODL,BUY,signal,SUZLON,44.44,2016.67
2011-03-15,2011,3,Timed Entry+Exit,SELL,,GENUSPOWER,14.08,1894.73
2011-03-16,2011,3,Timed Entry+Exit,BUY,,AMJLAND,15.99,1894.73
2011-03-17,2011,3,Timed Entry+Exit,BUY,,ELECON,27.54,953.21
2011-03-17,2011,3,Timed Entry+Exit,BUY,,GEOJITFSL,14.19,953.21
2011-03-17,2011,3,Timed Entry+Exit,SELL,,SUZLON,42.05,1906.43
2011-03-23,2011,3,Timed Entry+Exit,SELL,,ELECON,26.9,930.01
2011-03-25,2011,3,Timed Entry+Exit,BUY,,ADANIPOWER,22.59,310.0
2011-03-25,2011,3,Timed Entry+Exit,BUY,,ELECON,27.6,310.0
2011-03-25,2011,3,Timed Entry+Exit,BUY,,MOTILALOFS,118.66,310.0
2011-04-01,2011,4,Timed Entry+Exit,BUY,,SUZLON,44.67,6050.0
2011-04-01,2011,4,Timed HODL,BUY,signal,SUZLON,44.67,6050.0
2011-04-29,2011,4,Timed Entry+Exit,SELL,,ADANIPOWER,22.53,308.87
2011-05-03,2011,5,Timed Entry+Exit,SELL,,ELECON,29.18,327.39
2011-05-04,2011,5,Timed Entry+Exit,SELL,,GEOJITFSL,14.56,977.65
2011-05-04,2011,5,Timed Entry+Exit,SELL,,SUZLON,46.28,6261.36
2011-05-05,2011,5,Timed Entry+Exit,SELL,,AMJLAND,18.66,2208.31
2011-05-05,2011,5,Timed Entry+Exit,SELL,,INDIANCARD,68.13,1997.62
2011-05-06,2011,5,Timed Entry+Exit,SELL,,MOTILALOFS,113.69,296.73
2011-05-12,2011,5,Timed Entry+Exit,BUY,,ADANIPOWER,22.78,18427.94
2011-05-12,2011,5,Timed HODL,BUY,signal,ADANIPOWER,22.78,6050.0
2011-06-01,2011,6,Timed Entry+Exit,BUY,,SKMEGGPROD,4.44,6050.0
2011-06-01,2011,6,Timed HODL,BUY,signal,SKMEGGPROD,4.44,6050.0
2011-06-13,2011,6,Timed Entry+Exit,SELL,,ADANIPOWER,22.24,17973.12
2011-06-16,2011,6,Timed Entry+Exit,SELL,,SKMEGGPROD,4.19,5701.25
2011-07-04,2011,7,Timed Entry+Exit,BUY,,MOTILALOFS,90.04,29724.38
2011-07-04,2011,7,Timed HODL,BUY,signal,MOTILALOFS,90.04,6050.0
2011-08-04,2011,8,Timed Entry+Exit,BUY,,SUNFLAG,27.35,6050.0
2011-08-04,2011,8,Timed HODL,BUY,signal,SUNFLAG,27.35,6050.0
2011-08-05,2011,8,Timed Entry+Exit,SELL,,SUNFLAG,26.63,5886.01
2011-08-08,2011,8,Timed Entry+Exit,SELL,,MOTILALOFS,81.56,26897.52
2011-09-05,2011,9,Timed Entry+Exit,BUY,,ADANIPOWER,17.85,38833.53
2011-09-05,2011,9,Timed HODL,BUY,signal,ADANIPOWER,17.85,6050.0
2011-09-14,2011,9,Timed Entry+Exit,SELL,,ADANIPOWER,16.81,36534.4
2011-09-14,2011,9,Timed Entry+Exit,BUY,,RANEHOLDIN,160.34,36534.4
2011-09-26,2011,9,Timed Entry+Exit,SELL,,RANEHOLDIN,146.24,33287.81
2011-10-05,2011,10,Timed Entry+Exit,BUY,,EIMCOELECO,147.59,39337.81
2011-10-05,2011,10,Timed HODL,BUY,signal,EIMCOELECO,147.59,6050.0
2011-10-12,2011,10,Timed Entry+Exit,SELL,,HILTON,11.79,39658.96
2011-10-13,2011,10,Timed Entry+Exit,BUY,,RANEHOLDIN,154.28,39658.96
2011-11-01,2011,11,Timed Entry+Exit,BUY,,DVL,81.83,3025.0
2011-11-01,2011,11,Timed Entry+Exit,BUY,,SUNFLAG,24.94,3025.0
2011-11-01,2011,11,Timed HODL,BUY,signal,DVL,81.83,3025.0
2011-11-01,2011,11,Timed HODL,BUY,signal,SUNFLAG,24.94,3025.0
2011-11-04,2011,11,Timed Entry+Exit,SELL,,DVL,76.21,2814.45
2011-11-04,2011,11,Timed Entry+Exit,BUY,,HILTON,12.26,2814.45
2011-11-11,2011,11,Timed Entry+Exit,SELL,,RANEHOLDIN,143.48,36846.63
2011-11-16,2011,11,Timed Entry+Exit,SELL,,EIMCOELECO,138.32,36830.42
2011-11-16,2011,11,Timed Entry+Exit,SELL,,SUNFLAG,23.88,2892.63
2011-11-21,2011,11,Timed Entry+Exit,SELL,,HILTON,11.32,2594.6
2011-11-23,2011,11,Timed Entry+Exit,BUY,,INDIANCARD,57.28,79164.28
2011-11-24,2011,11,Timed Entry+Exit,SELL,,INDIANCARD,52.99,73165.74
2011-11-25,2011,11,Timed Entry+Exit,BUY,,V2RETAIL,2.27,73165.74
2011-12-01,2011,12,Timed Entry+Exit,BUY,,ACE,34.23,3025.0
2011-12-01,2011,12,Timed Entry+Exit,BUY,,OBEROIRLTY,206.67,3025.0
2011-12-01,2011,12,Timed HODL,BUY,signal,ACE,34.23,3025.0
2011-12-01,2011,12,Timed HODL,BUY,signal,OBEROIRLTY,206.67,3025.0
2011-12-12,2011,12,Timed Entry+Exit,SELL,,V2RETAIL,1.63,52646.0
2011-12-15,2011,12,Timed Entry+Exit,SELL,,OBEROIRLTY,203.15,2970.45
2011-12-16,2011,12,Timed Entry+Exit,SELL,,ACE,25.31,2234.88
2011-12-26,2011,12,Timed Entry+Exit,BUY,,SHILPAMED,26.6,57851.32
2012-01-02,2012,1,Timed Entry+Exit,BUY,,ELECON,23.24,3327.5
2012-01-02,2012,1,Timed Entry+Exit,BUY,,INDIANCARD,52.24,3327.5
2012-01-02,2012,1,Timed HODL,BUY,signal,ELECON,23.24,3327.5
2012-01-02,2012,1,Timed HODL,BUY,signal,INDIANCARD,52.24,3327.5
2012-02-24,2012,2,Timed Entry+Exit,SELL,,INDIANCARD,91.17,5802.07
2012-02-27,2012,2,Timed Entry+Exit,SELL,,SHILPAMED,32.51,70638.45
2012-03-01,2012,3,Timed Entry+Exit,SELL,,ELECON,26.33,3766.99
2012-04-02,2012,4,Timed HODL,BUY,fallback,ACE,29.47,1815.0
2012-04-02,2012,4,Timed HODL,BUY,fallback,ADANIPOWER,13.72,1815.0
2012-04-02,2012,4,Timed HODL,BUY,fallback,DVL,73.82,1815.0
2012-04-02,2012,4,Timed HODL,BUY,fallback,EIMCOELECO,145.4,1815.0
2012-04-02,2012,4,Timed HODL,BUY,fallback,ELECON,25.83,1815.0
2012-04-02,2012,4,Timed HODL,BUY,fallback,GENUSPOWER,10.23,1815.0
2012-04-02,2012,4,Timed HODL,BUY,fallback,SUNFLAG,23.34,1815.0
2012-04-02,2012,4,Timed HODL,BUY,fallback,SUZLON,23.69,1815.0
2012-04-02,2012,4,Timed HODL,BUY,fallback,TAJGVK,71.91,1815.0
2012-04-02,2012,4,Timed HODL,BUY,fallback,V2RETAIL,1.19,1815.0
2012-04-09,2012,4,Timed Entry+Exit,BUY,,SKMEGGPROD,3.18,100172.51
2012-04-09,2012,4,Timed HODL,BUY,signal,SKMEGGPROD,3.18,1815.0
2012-04-25,2012,4,Timed Entry+Exit,SELL,,SKMEGGPROD,3.04,95752.72
2012-05-10,2012,5,Timed Entry+Exit,BUY,,MUTHOOTFIN,86.82,102407.72
2012-05-10,2012,5,Timed HODL,BUY,signal,MUTHOOTFIN,86.82,6655.0
2012-06-06,2012,6,Timed Entry+Exit,BUY,,SKMEGGPROD,2.88,6655.0
2012-06-06,2012,6,Timed HODL,BUY,signal,SKMEGGPROD,2.88,6655.0
2012-07-03,2012,7,Timed Entry+Exit,BUY,,AMJLAND,12.95,6655.0
2012-07-03,2012,7,Timed HODL,BUY,signal,AMJLAND,12.95,6655.0
2012-08-10,2012,8,Timed Entry+Exit,BUY,,HILTON,10.02,3327.5
2012-08-10,2012,8,Timed Entry+Exit,BUY,,JINDRILL,260.49,3327.5
2012-08-10,2012,8,Timed HODL,BUY,signal,HILTON,10.02,3327.5
2012-08-10,2012,8,Timed HODL,BUY,signal,JINDRILL,260.49,3327.5
2012-08-17,2012,8,Timed Entry+Exit,SELL,,JINDRILL,252.44,3221.48
2012-08-17,2012,8,Timed Entry+Exit,BUY,,SKMEGGPROD,2.84,3221.48
2012-08-21,2012,8,Timed Entry+Exit,SELL,,AMJLAND,11.15,5727.77
2012-09-06,2012,9,Timed Entry+Exit,BUY,,SUNFLAG,19.75,12382.77
2012-09-06,2012,9,Timed HODL,BUY,signal,SUNFLAG,19.75,6655.0
2012-10-17,2012,10,Timed Entry+Exit,SELL,,SKMEGGPROD,3.09,10626.98
2012-10-23,2012,10,Timed Entry+Exit,SELL,,MUTHOOTFIN,131.26,154669.52
2012-10-31,2012,10,Timed Entry+Exit,SELL,,SUNFLAG,20.92,13099.85
2012-11-30,2012,11,Timed Entry+Exit,SELL,,HILTON,9.72,3223.73
2012-12-05,2012,12,Timed Entry+Exit,BUY,,JINDRILL,241.04,201585.08
2012-12-05,2012,12,Timed HODL,BUY,signal,JINDRILL,241.04,19965.0
2013-01-09,2013,1,Timed Entry+Exit,BUY,,MAHSEAMLES,112.29,7320.5
2013-01-09,2013,1,Timed HODL,BUY,signal,MAHSEAMLES,112.29,7320.5
2013-01-14,2013,1,Timed Entry+Exit,SELL,,MAHSEAMLES,106.62,6944.26
2013-02-07,2013,2,Timed Entry+Exit,BUY,,RKFORGE,19.39,14264.76
2013-02-07,2013,2,Timed HODL,BUY,signal,RKFORGE,19.39,7320.5
2013-02-15,2013,2,Timed Entry+Exit,SELL,,RKFORGE,17.99,13220.68
2013-02-25,2013,2,Timed Entry+Exit,BUY,,JINDRILL,213.1,13220.68
2013-02-26,2013,2,Timed Entry+Exit,SELL,,JINDRILL,204.42,183456.13
2013-03-05,2013,3,Timed Entry+Exit,BUY,,MAHSEAMLES,89.83,190776.63
2013-03-05,2013,3,Timed HODL,BUY,signal,MAHSEAMLES,89.83,7320.5
2013-04-02,2013,4,Timed Entry+Exit,BUY,,JINDRILL,222.22,7320.5
2013-04-02,2013,4,Timed HODL,BUY,signal,JINDRILL,222.22,7320.5
2013-05-06,2013,5,Timed Entry+Exit,BUY,,JUBLFOOD,109.57,7320.5
2013-05-06,2013,5,Timed HODL,BUY,signal,JUBLFOOD,109.57,7320.5
2013-05-10,2013,5,Timed Entry+Exit,SELL,,JUBLFOOD,100.02,6675.78
2013-05-13,2013,5,Timed Entry+Exit,BUY,,HILTON,7.97,6675.78
2013-05-29,2013,5,Timed Entry+Exit,SELL,,JINDRILL,195.15,6422.33
2013-06-28,2013,6,Timed Entry+Exit,BUY,,JUBLFOOD,101.96,13742.83
2013-06-28,2013,6,Timed HODL,BUY,signal,JUBLFOOD,101.96,7320.5
2013-07-02,2013,7,Timed Entry+Exit,BUY,,OBEROIRLTY,195.45,3660.25
2013-07-02,2013,7,Timed Entry+Exit,BUY,,SUZLON,8.59,3660.25
2013-07-02,2013,7,Timed HODL,BUY,signal,OBEROIRLTY,195.45,3660.25
2013-07-02,2013,7,Timed HODL,BUY,signal,SUZLON,8.59,3660.25
2013-07-23,2013,7,Timed Entry+Exit,SELL,,OBEROIRLTY,183.08,3425.21
2013-07-29,2013,7,Timed Entry+Exit,SELL,,MAHSEAMLES,80.94,171713.91
2013-07-29,2013,7,Timed Entry+Exit,BUY,,OBEROIRLTY,189.78,177954.89
2013-07-29,2013,7,Timed Entry+Exit,SELL,,SUZLON,6.61,2815.77
2013-08-01,2013,8,Timed Entry+Exit,BUY,,AMJLAND,9.08,10902.11
2013-08-01,2013,8,Timed Entry+Exit,SELL,,JUBLFOOD,107.56,14483.73
2013-08-01,2013,8,Timed Entry+Exit,BUY,,KRBL,17.4,10902.11
2013-08-01,2013,8,Timed HODL,BUY,signal,AMJLAND,9.08,3660.25
2013-08-01,2013,8,Timed HODL,BUY,signal,KRBL,17.4,3660.25
2013-08-06,2013,8,Timed Entry+Exit,SELL,,OBEROIRLTY,160.94,150756.72
2013-08-07,2013,8,Timed Entry+Exit,SELL,,HILTON,7.79,6522.54
2013-08-12,2013,8,Timed Entry+Exit,BUY,,MUTHOOTFIN,68.85,78639.63
2013-08-12,2013,8,Timed Entry+Exit,BUY,,SUZLON,6.24,78639.63
2013-09-02,2013,9,Timed Entry+Exit,BUY,,JINDRILL,145.67,7320.5
2013-09-02,2013,9,Timed HODL,BUY,signal,JINDRILL,145.67,7320.5
2013-09-11,2013,9,Timed Entry+Exit,SELL,,AMJLAND,7.53,9035.91
2013-09-11,2013,9,Timed Entry+Exit,BUY,,GEOJITFSL,12.78,4517.96
2013-09-11,2013,9,Timed Entry+Exit,BUY,,V2RETAIL,0.72,4517.96
2013-09-12,2013,9,Timed Entry+Exit,BUY,,INDIANCARD,61.0,2194.03
2013-09-12,2013,9,Timed Entry+Exit,BUY,,OBEROIRLTY,162.16,2194.03
2013-09-12,2013,9,Timed Entry+Exit,SELL,,V2RETAIL,0.7,4388.07
2013-09-30,2013,9,Timed Entry+Exit,SELL,,GEOJITFSL,11.8,4168.15
2013-10-03,2013,10,Timed Entry+Exit,BUY,,RKFORGE,12.46,11488.65
2013-10-03,2013,10,Timed HODL,BUY,signal,RKFORGE,12.46,7320.5
2013-10-15,2013,10,Timed Entry+Exit,SELL,,MUTHOOTFIN,69.47,79258.51
2013-10-21,2013,10,Timed Entry+Exit,SELL,,INDIANCARD,58.4,2098.63
2013-10-30,2013,10,Timed Entry+Exit,SELL,,RKFORGE,11.91,10972.77
2013-11-05,2013,11,Timed Entry+Exit,BUY,,SUNFLAG,16.84,99650.41
2013-11-05,2013,11,Timed HODL,BUY,signal,SUNFLAG,16.84,7320.5
2013-11-13,2013,11,Timed Entry+Exit,SELL,,SUZLON,7.62,95890.66
2013-11-19,2013,11,Timed Entry+Exit,BUY,,GEOJITFSL,11.69,188269.22
2013-11-19,2013,11,Timed Entry+Exit,SELL,,SUNFLAG,15.63,92378.56
2013-11-26,2013,11,Timed Entry+Exit,SELL,,KRBL,27.87,17439.7
2013-11-29,2013,11,Timed Entry+Exit,BUY,,MAHSEAMLES,70.72,17439.7
2013-12-05,2013,12,Timed Entry+Exit,SELL,,OBEROIRLTY,174.2,2354.55
2013-12-11,2013,12,Timed Entry+Exit,SELL,,JINDRILL,179.14,8993.68
2013-12-23,2013,12,Timed Entry+Exit,BUY,,SUNFLAG,14.75,18668.73
2013-12-23,2013,12,Timed HODL,BUY,signal,SUNFLAG,14.75,7320.5
2013-12-30,2013,12,Timed Entry+Exit,SELL,,MAHSEAMLES,68.9,16974.75
2014-01-01,2014,1,Timed Entry+Exit,BUY,,MAHSEAMLES,70.97,25027.3
2014-01-01,2014,1,Timed HODL,BUY,signal,MAHSEAMLES,70.97,8052.55
2014-01-23,2014,1,Timed Entry+Exit,SELL,,GEOJITFSL,13.19,212222.8
2014-01-28,2014,1,Timed Entry+Exit,SELL,,MAHSEAMLES,71.84,25307.37
2014-02-10,2014,2,Timed Entry+Exit,BUY,,THANGAMAYL,67.41,245582.72
2014-02-10,2014,2,Timed HODL,BUY,signal,THANGAMAYL,67.41,8052.55
2014-03-11,2014,3,Timed Entry+Exit,SELL,,SUNFLAG,18.25,23067.2
2014-03-25,2014,3,Timed Entry+Exit,SELL,,THANGAMAYL,63.98,232829.19
2014-04-23,2014,4,Timed Entry+Exit,BUY,,THANGAMAYL,63.44,272001.48
2014-04-23,2014,4,Timed HODL,BUY,signal,THANGAMAYL,63.44,16105.1
2014-05-02,2014,5,Timed Entry+Exit,SELL,,THANGAMAYL,60.29,258258.55
2014-05-22,2014,5,Timed Entry+Exit,BUY,,THANGAMAYL,70.69,266311.1
2014-05-22,2014,5,Timed HODL,BUY,signal,THANGAMAYL,70.69,8052.55
2014-07-16,2014,7,Timed Entry+Exit,SELL,,THANGAMAYL,83.14,312879.59
2014-08-08,2014,8,Timed HODL,BUY,fallback,JUBLFOOD,109.86,24157.65
2014-11-05,2014,11,Timed HODL,BUY,fallback,ADANIPOWER,9.54,8052.55
2014-11-05,2014,11,Timed HODL,BUY,fallback,DVL,70.86,8052.55
2014-11-05,2014,11,Timed HODL,BUY,fallback,SUZLON,12.85,8052.55
2014-12-26,2014,12,Timed Entry+Exit,BUY,,DVL,56.39,369247.44
2014-12-26,2014,12,Timed HODL,BUY,signal,DVL,56.39,8052.55
2015-01-20,2015,1,Timed Entry+Exit,BUY,,JINDRILL,162.43,8857.81
2015-01-20,2015,1,Timed HODL,BUY,signal,JINDRILL,162.43,8857.81
2015-01-29,2015,1,Timed Entry+Exit,SELL,,DVL,51.45,336589.3
2015-04-01,2015,4,Timed Entry+Exit,BUY,,TAJGVK,70.23,363162.73
2015-04-01,2015,4,Timed HODL,BUY,signal,TAJGVK,70.23,26573.43
2015-05-04,2015,5,Timed Entry+Exit,BUY,,INDIANCARD,84.69,8857.81
2015-05-04,2015,5,Timed HODL,BUY,signal,INDIANCARD,84.69,8857.81
2015-05-07,2015,5,Timed Entry+Exit,SELL,,INDIANCARD,76.69,8012.99
2015-05-11,2015,5,Timed Entry+Exit,BUY,,CGCL,30.88,4006.49
2015-05-11,2015,5,Timed Entry+Exit,BUY,,SUNFLAG,21.3,4006.49
2015-05-13,2015,5,Timed Entry+Exit,SELL,,TAJGVK,65.89,340376.66
2015-05-14,2015,5,Timed Entry+Exit,BUY,,INDOTECH,161.55,340376.66
2015-05-26,2015,5,Timed Entry+Exit,SELL,,JINDRILL,162.77,8867.36
2015-05-29,2015,5,Timed Entry+Exit,SELL,,CGCL,28.25,3661.57
2015-06-03,2015,6,Timed Entry+Exit,SELL,,SUNFLAG,19.41,3646.91
2015-06-08,2015,6,Timed Entry+Exit,SELL,,INDOTECH,148.6,312778.82
2015-06-12,2015,6,Timed Entry+Exit,BUY,,SHAKTIPUMP,30.51,337812.47
2015-06-12,2015,6,Timed HODL,BUY,signal,SHAKTIPUMP,30.51,8857.81
2015-06-29,2015,6,Timed Entry+Exit,SELL,,SHAKTIPUMP,27.61,305436.08
2015-07-02,2015,7,Timed Entry+Exit,BUY,,SHAKTIPUMP,30.06,314293.89
2015-07-02,2015,7,Timed HODL,BUY,signal,SHAKTIPUMP,30.06,8857.81
2015-07-29,2015,7,Timed Entry+Exit,SELL,,SHAKTIPUMP,28.85,301314.05
2015-08-06,2015,8,Timed Entry+Exit,BUY,,CGCL,27.32,310171.86
2015-08-06,2015,8,Timed HODL,BUY,signal,CGCL,27.32,8857.81
2015-08-26,2015,8,Timed Entry+Exit,SELL,,CGCL,25.6,290389.09
2015-08-28,2015,8,Timed Entry+Exit,BUY,,THANGAMAYL,83.82,290389.09
2015-09-01,2015,9,Timed Entry+Exit,BUY,,JSWENERGY,63.72,8857.81
2015-09-01,2015,9,Timed HODL,BUY,signal,JSWENERGY,63.72,8857.81
2015-09-07,2015,9,Timed Entry+Exit,SELL,,THANGAMAYL,78.28,270926.51
2015-09-11,2015,9,Timed Entry+Exit,BUY,,ADANIPOWER,4.47,270926.51
2015-10-06,2015,10,Timed Entry+Exit,BUY,,ACE,39.42,8857.81
2015-10-06,2015,10,Timed HODL,BUY,signal,ACE,39.42,8857.81
2015-11-09,2015,11,Timed Entry+Exit,SELL,,JSWENERGY,78.75,10935.5
2015-11-10,2015,11,Timed Entry+Exit,SELL,,ADANIPOWER,5.39,326361.16
2015-11-17,2015,11,Timed Entry+Exit,BUY,,MAHSEAMLES,67.24,346154.47
2015-11-17,2015,11,Timed HODL,BUY,signal,MAHSEAMLES,67.24,8857.81
2015-11-27,2015,11,Timed Entry+Exit,SELL,,ACE,41.86,9397.31
2015-12-17,2015,12,Timed Entry+Exit,BUY,,JUBLFOOD,142.66,18255.12
2015-12-17,2015,12,Timed HODL,BUY,signal,JUBLFOOD,142.66,8857.81
2016-01-07,2016,1,Timed Entry+Exit,SELL,,MAHSEAMLES,71.75,369029.46
2016-01-08,2016,1,Timed Entry+Exit,SELL,,JUBLFOOD,133.1,17014.76
2016-02-03,2016,2,Timed Entry+Exit,BUY,,SHILPAMED,210.9,405531.4
2016-02-03,2016,2,Timed HODL,BUY,signal,SHILPAMED,210.9,19487.18
2016-02-18,2016,2,Timed Entry+Exit,SELL,,SHILPAMED,202.35,388688.63
2016-02-23,2016,2,Timed Entry+Exit,BUY,,ACE,35.35,388688.63
2016-03-01,2016,3,Timed Entry+Exit,BUY,,OBEROIRLTY,220.95,9743.59
2016-03-01,2016,3,Timed HODL,BUY,signal,OBEROIRLTY,220.95,9743.59
2016-03-30,2016,3,Timed Entry+Exit,SELL,,OBEROIRLTY,227.05,10002.68
2016-03-31,2016,3,Timed Entry+Exit,BUY,,BIRLAMONEY,20.9,5001.34
2016-03-31,2016,3,Timed Entry+Exit,BUY,,OBEROIRLTY,233.48,5001.34
2016-04-11,2016,4,Timed Entry+Exit,SELL,,OBEROIRLTY,225.02,4815.31
2016-05-26,2016,5,Timed Entry+Exit,SELL,,ACE,38.19,419540.52
2016-06-02,2016,6,Timed HODL,BUY,fallback,ACE,38.67,2087.91
2016-06-02,2016,6,Timed HODL,BUY,fallback,AMJLAND,13.58,2087.91
2016-06-02,2016,6,Timed HODL,BUY,fallback,CGCL,24.77,2087.91
2016-06-02,2016,6,Timed HODL,BUY,fallback,DVL,63.61,2087.91
2016-06-02,2016,6,Timed HODL,BUY,fallback,EIMCOELECO,329.89,2087.91
2016-06-02,2016,6,Timed HODL,BUY,fallback,ELECON,27.42,2087.91
2016-06-02,2016,6,Timed HODL,BUY,fallback,HILTON,14.71,2087.91
2016-06-02,2016,6,Timed HODL,BUY,fallback,JSWENERGY,63.45,2087.91
2016-06-02,2016,6,Timed HODL,BUY,fallback,JUBLFOOD,99.5,2087.91
2016-06-02,2016,6,Timed HODL,BUY,fallback,RKFORGE,72.75,2087.91
2016-06-02,2016,6,Timed HODL,BUY,fallback,SHILPAMED,227.47,2087.91
2016-06-02,2016,6,Timed HODL,BUY,fallback,SUZLON,14.23,2087.91
2016-06-02,2016,6,Timed HODL,BUY,fallback,V2RETAIL,5.3,2087.91
2016-07-04,2016,7,Timed Entry+Exit,BUY,,CGCL,25.88,463330.2
2016-07-04,2016,7,Timed HODL,BUY,signal,CGCL,25.88,11831.5
2016-08-04,2016,8,Timed Entry+Exit,SELL,,BIRLAMONEY,25.45,6084.06
2016-08-19,2016,8,Timed Entry+Exit,SELL,,CGCL,30.79,550653.37
2016-09-30,2016,9,Timed HODL,BUY,fallback,ADANIPOWER,4.98,1623.93
2016-09-30,2016,9,Timed HODL,BUY,fallback,AMJLAND,16.66,1623.93
2016-09-30,2016,9,Timed HODL,BUY,fallback,DVL,61.08,1623.93
2016-09-30,2016,9,Timed HODL,BUY,fallback,ELECON,27.95,1623.93
2016-09-30,2016,9,Timed HODL,BUY,fallback,GENUSPOWER,38.24,1623.93
2016-09-30,2016,9,Timed HODL,BUY,fallback,HILTON,14.01,1623.93
2016-09-30,2016,9,Timed HODL,BUY,fallback,JSWENERGY,67.74,1623.93
2016-09-30,2016,9,Timed HODL,BUY,fallback,JUBLFOOD,94.38,1623.93
2016-09-30,2016,9,Timed HODL,BUY,fallback,RKFORGE,67.27,1623.93
2016-09-30,2016,9,Timed HODL,BUY,fallback,SHAKTIPUMP,20.16,1623.93
2016-09-30,2016,9,Timed HODL,BUY,fallback,SUZLON,13.64,1623.93
2016-10-13,2016,10,Timed Entry+Exit,BUY,,GENUSPOWER,40.7,585968.2
2016-10-13,2016,10,Timed HODL,BUY,signal,GENUSPOWER,40.7,11367.52
2016-11-10,2016,11,Timed Entry+Exit,BUY,,SUZLON,13.82,9743.59
2016-11-10,2016,11,Timed HODL,BUY,signal,SUZLON,13.82,9743.59
2016-11-23,2016,11,Timed Entry+Exit,SELL,,SUZLON,12.99,9151.76
2016-11-25,2016,11,Timed Entry+Exit,BUY,,ARROWGREEN,407.31,9151.76
2016-12-01,2016,12,Timed Entry+Exit,BUY,,JSWENERGY,54.34,4871.8
2016-12-01,2016,12,Timed Entry+Exit,BUY,,JUBLFOOD,89.0,4871.8
2016-12-01,2016,12,Timed HODL,BUY,signal,JSWENERGY,54.34,4871.8
2016-12-01,2016,12,Timed HODL,BUY,signal,JUBLFOOD,89.0,4871.8
2016-12-06,2016,12,Timed Entry+Exit,BUY,,ELECON,25.61,2284.76
2016-12-06,2016,12,Timed Entry+Exit,BUY,,GENUSPOWER,36.8,2284.76
2016-12-06,2016,12,Timed Entry+Exit,SELL,,JUBLFOOD,83.56,4569.52
2016-12-20,2016,12,Timed Entry+Exit,SELL,,GENUSPOWER,34.71,501331.61
2016-12-21,2016,12,Timed Entry+Exit,BUY,,GENUSPOWER,37.77,501331.61
2016-12-26,2016,12,Timed Entry+Exit,SELL,,ARROWGREEN,420.25,9433.01
2016-12-29,2016,12,Timed Entry+Exit,BUY,,JUBLFOOD,81.26,9433.01
2017-01-25,2017,1,Timed Entry+Exit,SELL,,JSWENERGY,55.92,5008.12
2017-02-16,2017,2,Timed Entry+Exit,SELL,,GENUSPOWER,39.17,519266.15
2017-03-02,2017,3,Timed HODL,BUY,fallback,DVL,62.47,4593.4
2017-03-02,2017,3,Timed HODL,BUY,fallback,ELECON,25.73,4593.4
2017-03-02,2017,3,Timed HODL,BUY,fallback,GENUSPOWER,37.26,4593.4
2017-03-02,2017,3,Timed HODL,BUY,fallback,INDIANCARD,163.96,4593.4
2017-03-02,2017,3,Timed HODL,BUY,fallback,JINDRILL,170.05,4593.4
2017-03-02,2017,3,Timed HODL,BUY,fallback,JSWENERGY,57.63,4593.4
2017-03-02,2017,3,Timed HODL,BUY,fallback,THANGAMAYL,95.71,4593.4
2017-04-05,2017,4,Timed Entry+Exit,SELL,,JUBLFOOD,107.22,12435.16
2017-05-16,2017,5,Timed Entry+Exit,SELL,,ELECON,29.15,2598.41
2017-06-02,2017,6,Timed HODL,BUY,fallback,ADANIPOWER,5.44,4019.23
2017-06-02,2017,6,Timed HODL,BUY,fallback,GENUSPOWER,38.09,4019.23
2017-06-02,2017,6,Timed HODL,BUY,fallback,INDIANCARD,156.35,4019.23
2017-06-02,2017,6,Timed HODL,BUY,fallback,JINDRILL,139.27,4019.23
2017-06-02,2017,6,Timed HODL,BUY,fallback,JSWENERGY,59.02,4019.23
2017-06-02,2017,6,Timed HODL,BUY,fallback,JUBLFOOD,91.13,4019.23
2017-06-02,2017,6,Timed HODL,BUY,fallback,SUNFLAG,34.26,4019.23
2017-06-19,2017,6,Timed Entry+Exit,BUY,,JINDRILL,148.01,603615.47
2017-06-19,2017,6,Timed HODL,BUY,signal,JINDRILL,148.01,4019.23
2017-07-11,2017,7,Timed Entry+Exit,BUY,,INDOTECH,189.9,10717.94
2017-07-11,2017,7,Timed HODL,BUY,signal,INDOTECH,189.9,10717.94
2017-08-07,2017,8,Timed Entry+Exit,SELL,,JINDRILL,159.23,648713.05
2017-08-11,2017,8,Timed Entry+Exit,SELL,,INDOTECH,181.3,10222.33
2017-08-28,2017,8,Timed Entry+Exit,BUY,,INDIANCARD,161.38,669653.31
2017-08-28,2017,8,Timed HODL,BUY,signal,INDIANCARD,161.38,10717.94
2017-09-01,2017,9,Timed Entry+Exit,BUY,,SHILPAMED,296.67,10717.94
2017-09-01,2017,9,Timed HODL,BUY,signal,SHILPAMED,296.67,10717.94
2017-09-07,2017,9,Timed Entry+Exit,SELL,,INDIANCARD,151.0,625953.02
2017-09-18,2017,9,Timed Entry+Exit,BUY,,INDIANCARD,153.94,312976.51
2017-09-18,2017,9,Timed Entry+Exit,BUY,,TARIL,15.63,312976.51
2017-09-20,2017,9,Timed Entry+Exit,SELL,,SHILPAMED,285.51,10304.27
2017-09-21,2017,9,Timed Entry+Exit,BUY,,SHILPAMED,287.23,10304.27
2017-09-25,2017,9,Timed Entry+Exit,SELL,,SHILPAMED,281.22,10078.45
2017-09-26,2017,9,Timed Entry+Exit,SELL,,INDIANCARD,148.52,301652.62
2017-10-04,2017,10,Timed Entry+Exit,BUY,,SHILPAMED,290.09,322449.01
2017-10-04,2017,10,Timed HODL,BUY,signal,SHILPAMED,290.09,10717.94
2017-10-12,2017,10,Timed Entry+Exit,SELL,,TARIL,15.37,307464.29
2017-10-13,2017,10,Timed Entry+Exit,BUY,,INDIANCARD,150.16,307464.29
2017-10-16,2017,10,Timed Entry+Exit,SELL,,INDIANCARD,142.64,291769.06
2017-10-18,2017,10,Timed Entry+Exit,BUY,,INDIANCARD,147.6,291769.06
2017-11-10,2017,11,Timed Entry+Exit,SELL,,SHILPAMED,328.91,365232.02
2017-11-29,2017,11,Timed Entry+Exit,BUY,,SUZLON,13.31,375949.96
2017-11-29,2017,11,Timed HODL,BUY,signal,SUZLON,13.31,10717.94
2017-12-04,2017,12,Timed Entry+Exit,SELL,,SUZLON,12.72,358738.12
2017-12-08,2017,12,Timed Entry+Exit,SELL,,INDIANCARD,155.84,307744.36
2017-12-20,2017,12,Timed Entry+Exit,BUY,,SUZLON,13.04,677200.42
2017-12-20,2017,12,Timed HODL,BUY,signal,SUZLON,13.04,10717.94
2018-01-18,2018,1,Timed Entry+Exit,SELL,,SUZLON,13.64,707491.18
2018-02-12,2018,2,Timed Entry+Exit,BUY,,KRISHANA,16.27,731070.66
2018-02-12,2018,2,Timed HODL,BUY,signal,KRISHANA,16.27,23579.48
2018-03-14,2018,3,Timed Entry+Exit,BUY,,MUTHOOTFIN,348.37,5894.87
2018-03-14,2018,3,Timed Entry+Exit,BUY,,SHILPAMED,220.72,5894.87
2018-03-14,2018,3,Timed HODL,BUY,signal,MUTHOOTFIN,348.37,5894.87
2018-03-14,2018,3,Timed HODL,BUY,signal,SHILPAMED,220.72,5894.87
2018-03-22,2018,3,Timed Entry+Exit,SELL,,KRISHANA,15.59,699726.98
2018-04-02,2018,4,Timed Entry+Exit,BUY,,ARROWGREEN,343.64,711516.72
2018-04-02,2018,4,Timed HODL,BUY,signal,ARROWGREEN,343.64,11789.74
2018-05-09,2018,5,Timed Entry+Exit,SELL,,ARROWGREEN,283.59,586584.4
2018-05-11,2018,5,Timed Entry+Exit,SELL,,MUTHOOTFIN,381.01,6440.74
2018-05-16,2018,5,Timed Entry+Exit,SELL,,SHILPAMED,219.14,5846.83
2018-05-25,2018,5,Timed Entry+Exit,BUY,,INDIANCARD,130.28,610661.71
2018-05-25,2018,5,Timed HODL,BUY,signal,INDIANCARD,130.28,11789.74
2018-05-31,2018,5,Timed Entry+Exit,SELL,,INDIANCARD,118.73,555933.88
2018-06-08,2018,6,Timed Entry+Exit,BUY,,EIMCOELECO,370.87,567723.62
2018-06-08,2018,6,Timed HODL,BUY,signal,EIMCOELECO,370.87,11789.74
2018-06-26,2018,6,Timed Entry+Exit,SELL,,EIMCOELECO,354.46,542051.36
2018-07-02,2018,7,Timed Entry+Exit,BUY,,KITEX,48.17,553841.1
2018-07-02,2018,7,Timed HODL,BUY,signal,KITEX,48.17,11789.74
2018-07-04,2018,7,Timed Entry+Exit,SELL,,KITEX,37.4,429577.68
2018-07-04,2018,7,Timed Entry+Exit,BUY,,MOTILALOFS,808.15,429577.68
2018-08-24,2018,8,Timed Entry+Exit,BUY,,KRISHANA,19.95,440631.93
2018-08-24,2018,8,Timed Entry+Exit,SELL,,MOTILALOFS,807.57,428842.19
2018-08-24,2018,8,Timed HODL,BUY,signal,KRISHANA,19.95,11789.74
2018-09-03,2018,9,Timed Entry+Exit,BUY,,RKFORGE,125.09,11789.74
2018-09-03,2018,9,Timed HODL,BUY,signal,RKFORGE,125.09,11789.74
2018-09-07,2018,9,Timed Entry+Exit,SELL,,KRISHANA,18.12,399881.06
2018-09-17,2018,9,Timed Entry+Exit,BUY,,OBEROIRLTY,458.49,399881.06
2018-09-24,2018,9,Timed Entry+Exit,SELL,,OBEROIRLTY,396.41,345392.97
2018-10-01,2018,10,Timed Entry+Exit,SELL,,RKFORGE,118.17,11126.98
2018-10-12,2018,10,Timed Entry+Exit,BUY,,SHAKTIPUMP,61.03,368309.7
2018-10-12,2018,10,Timed HODL,BUY,signal,SHAKTIPUMP,61.03,11789.74
2018-11-01,2018,11,Timed Entry+Exit,BUY,,MUTHOOTFIN,373.92,11789.74
2018-11-01,2018,11,Timed HODL,BUY,signal,MUTHOOTFIN,373.92,11789.74
2018-11-22,2018,11,Timed Entry+Exit,SELL,,SHAKTIPUMP,59.71,359994.43
2018-11-26,2018,11,Timed Entry+Exit,BUY,,V2RETAIL,26.08,359994.43
2018-12-04,2018,12,Timed Entry+Exit,SELL,,MUTHOOTFIN,389.67,12274.1
2018-12-11,2018,12,Timed Entry+Exit,BUY,,BIRLAMONEY,47.8,24063.84
2018-12-11,2018,12,Timed HODL,BUY,signal,BIRLAMONEY,47.8,11789.74
2019-01-02,2019,1,Timed Entry+Exit,BUY,,AMJLAND,23.04,12968.71
2019-01-02,2019,1,Timed HODL,BUY,signal,AMJLAND,23.04,12968.71
2019-01-14,2019,1,Timed Entry+Exit,SELL,,BIRLAMONEY,53.4,26856.17
2019-02-06,2019,2,Timed Entry+Exit,SELL,,V2RETAIL,25.25,348258.12
2019-02-20,2019,2,Timed Entry+Exit,BUY,,INDIANCARD,80.94,388083.0
2019-02-20,2019,2,Timed HODL,BUY,signal,INDIANCARD,80.94,12968.71
2019-03-06,2019,3,Timed Entry+Exit,BUY,,JINDRILL,105.75,6484.35
2019-03-06,2019,3,Timed Entry+Exit,BUY,,SKMEGGPROD,26.24,6484.35
2019-03-06,2019,3,Timed HODL,BUY,signal,JINDRILL,105.75,6484.35
2019-03-06,2019,3,Timed HODL,BUY,signal,SKMEGGPROD,26.24,6484.35
2019-03-26,2019,3,Timed Entry+Exit,SELL,,AMJLAND,18.02,10135.81
2019-03-28,2019,3,Timed Entry+Exit,SELL,,JINDRILL,93.72,5741.14
2019-04-01,2019,4,Timed Entry+Exit,BUY,,JINDRILL,98.32,28845.66
2019-04-01,2019,4,Timed HODL,BUY,signal,JINDRILL,98.32,12968.71
2019-04-02,2019,4,Timed Entry+Exit,SELL,,INDIANCARD,101.28,485122.12
2019-04-08,2019,4,Timed Entry+Exit,SELL,,SKMEGGPROD,23.85,5887.92
2019-04-30,2019,4,Timed Entry+Exit,SELL,,JINDRILL,93.28,27340.88
2019-05-24,2019,5,Timed Entry+Exit,BUY,,THANGAMAYL,152.45,531319.64
2019-05-24,2019,5,Timed HODL,BUY,signal,THANGAMAYL,152.45,12968.71
2019-06-17,2019,6,Timed Entry+Exit,BUY,,MBAPL,12.97,12968.71
2019-06-17,2019,6,Timed HODL,BUY,signal,MBAPL,12.97,12968.71
2019-07-02,2019,7,Timed Entry+Exit,BUY,,SKMEGGPROD,18.49,12968.71
2019-07-02,2019,7,Timed HODL,BUY,signal,SKMEGGPROD,18.49,12968.71
2019-07-11,2019,7,Timed Entry+Exit,SELL,,SKMEGGPROD,17.46,12233.25
2019-07-12,2019,7,Timed Entry+Exit,BUY,,SUNFLAG,34.51,12233.25
2019-07-22,2019,7,Timed Entry+Exit,SELL,,MBAPL,12.53,12515.74
2019-07-22,2019,7,Timed Entry+Exit,SELL,,SUNFLAG,31.09,11009.3
2019-07-29,2019,7,Timed Entry+Exit,BUY,,KRBL,228.22,23525.05
2019-08-01,2019,8,Timed Entry+Exit,BUY,,GENUSPOWER,18.68,6484.35
2019-08-01,2019,8,Timed Entry+Exit,BUY,,THANGAMAYL,148.73,6484.35
2019-08-01,2019,8,Timed HODL,BUY,signal,GENUSPOWER,18.68,6484.35
2019-08-01,2019,8,Timed HODL,BUY,signal,THANGAMAYL,148.73,6484.35
2019-08-05,2019,8,Timed Entry+Exit,SELL,,THANGAMAYL,134.86,475443.13
2019-08-06,2019,8,Timed Entry+Exit,BUY,,HILTON,9.59,475443.13
2019-09-03,2019,9,Timed Entry+Exit,BUY,,BIRLAMONEY,31.6,12968.71
2019-09-03,2019,9,Timed HODL,BUY,signal,BIRLAMONEY,31.6,12968.71
2019-10-01,2019,10,Timed Entry+Exit,SELL,,GENUSPOWER,21.78,7552.53
2019-10-07,2019,10,Timed Entry+Exit,SELL,,BIRLAMONEY,34.2,14021.73
2019-10-07,2019,10,Timed Entry+Exit,SELL,,HILTON,7.94,393478.37
2019-10-11,2019,10,Timed Entry+Exit,BUY,,TARIL,4.0,428021.34
2019-10-11,2019,10,Timed HODL,BUY,signal,TARIL,4.0,12968.71
2019-10-15,2019,10,Timed Entry+Exit,SELL,,KRBL,185.93,19146.93
2019-10-16,2019,10,Timed Entry+Exit,BUY,,AMJLAND,16.99,9573.46
2019-10-16,2019,10,Timed Entry+Exit,BUY,,DVL,61.85,9573.46
2019-11-20,2019,11,Timed Entry+Exit,SELL,,DVL,62.85,9718.49
2019-11-20,2019,11,Timed Entry+Exit,SELL,,TARIL,3.52,376816.81
2019-11-26,2019,11,Timed Entry+Exit,BUY,,JSWENERGY,72.33,399504.01
2019-11-26,2019,11,Timed HODL,BUY,signal,JSWENERGY,72.33,12968.71
2019-12-06,2019,12,Timed Entry+Exit,SELL,,AMJLAND,18.29,10295.41
2019-12-10,2019,12,Timed Entry+Exit,SELL,,JSWENERGY,66.45,366652.92
2019-12-19,2019,12,Timed Entry+Exit,BUY,,SHAKTIPUMP,34.57,389917.04
2019-12-19,2019,12,Timed HODL,BUY,signal,SHAKTIPUMP,34.57,12968.71
2020-02-17,2020,2,Timed Entry+Exit,SELL,,SHAKTIPUMP,40.89,460802.54
2020-02-19,2020,2,Timed Entry+Exit,BUY,,JSWENERGY,61.28,489333.7
2020-02-19,2020,2,Timed HODL,BUY,signal,JSWENERGY,61.28,28531.16
2020-02-24,2020,2,Timed Entry+Exit,SELL,,JSWENERGY,59.67,475980.28
2020-03-19,2020,3,Timed Entry+Exit,BUY,,SKMEGGPROD,12.55,490245.86
2020-03-19,2020,3,Timed HODL,BUY,signal,SKMEGGPROD,12.55,14265.58
2020-04-01,2020,4,Timed Entry+Exit,BUY,,V2RETAIL,5.41,14265.58
2020-04-01,2020,4,Timed HODL,BUY,signal,V2RETAIL,5.41,14265.58
2020-05-04,2020,5,Timed Entry+Exit,SELL,,SKMEGGPROD,15.2,593447.11
2020-05-15,2020,5,Timed Entry+Exit,BUY,,CHALET,126.21,607712.69
2020-05-15,2020,5,Timed HODL,BUY,signal,CHALET,126.21,14265.58
2020-05-18,2020,5,Timed Entry+Exit,SELL,,CHALET,109.28,525661.42
2020-05-20,2020,5,Timed Entry+Exit,BUY,,AMJLAND,14.5,525661.42
2020-05-21,2020,5,Timed Entry+Exit,SELL,,AMJLAND,13.81,500465.19
2020-05-21,2020,5,Timed Entry+Exit,BUY,,NILASPACES,0.7,500465.19
2020-06-10,2020,6,Timed Entry+Exit,BUY,,KRISHANA,21.12,14265.58
2020-06-10,2020,6,Timed HODL,BUY,signal,KRISHANA,21.12,14265.58
2020-07-08,2020,7,Timed Entry+Exit,SELL,,NILASPACES,1.15,821371.03
2020-07-13,2020,7,Timed Entry+Exit,SELL,,V2RETAIL,5.16,13579.59
2020-08-27,2020,8,Timed HODL,BUY,fallback,ADANIPOWER,7.89,5706.23
2020-08-27,2020,8,Timed HODL,BUY,fallback,CHALET,164.72,5706.23
2020-08-27,2020,8,Timed HODL,BUY,fallback,MAHSEAMLES,111.92,5706.23
2020-08-27,2020,8,Timed HODL,BUY,fallback,OBEROIRLTY,385.07,5706.23
2020-08-27,2020,8,Timed HODL,BUY,fallback,V2RETAIL,6.05,5706.23
2020-09-15,2020,9,Timed Entry+Exit,SELL,,KRISHANA,29.01,19574.11
2020-10-29,2020,10,Timed HODL,BUY,fallback,ADANIPOWER,7.13,2037.94
2020-10-29,2020,10,Timed HODL,BUY,fallback,CHALET,136.3,2037.94
2020-10-29,2020,10,Timed HODL,BUY,fallback,ELECON,11.02,2037.94
2020-10-29,2020,10,Timed HODL,BUY,fallback,HILTON,8.32,2037.94
2020-10-29,2020,10,Timed HODL,BUY,fallback,INDIANCARD,78.17,2037.94
2020-10-29,2020,10,Timed HODL,BUY,fallback,INDOTECH,86.25,2037.94
2020-10-29,2020,10,Timed HODL,BUY,fallback,JINDRILL,69.85,2037.94
2020-10-29,2020,10,Timed HODL,BUY,fallback,KITEX,32.55,2037.94
2020-10-29,2020,10,Timed HODL,BUY,fallback,MAHSEAMLES,103.64,2037.94
2020-10-29,2020,10,Timed HODL,BUY,fallback,MBAPL,14.9,2037.94
2020-10-29,2020,10,Timed HODL,BUY,fallback,MOTILALOFS,537.25,2037.94
2020-10-29,2020,10,Timed HODL,BUY,fallback,SHILPAMED,211.35,2037.94
2020-10-29,2020,10,Timed HODL,BUY,fallback,TAJGVK,126.03,2037.94
2020-10-29,2020,10,Timed HODL,BUY,fallback,V2RETAIL,4.64,2037.94
2020-12-30,2020,12,Timed HODL,BUY,fallback,SHILPAMED,220.27,14265.58
2020-12-30,2020,12,Timed HODL,BUY,fallback,TAJGVK,130.87,14265.58
2021-02-23,2021,2,Timed Entry+Exit,BUY,,KRBL,197.3,971502.49
2021-02-23,2021,2,Timed HODL,BUY,signal,KRBL,197.3,31384.28
2021-03-16,2021,3,Timed Entry+Exit,SELL,,KRBL,179.05,880767.33
2021-03-23,2021,3,Timed Entry+Exit,BUY,,KRBL,184.05,896459.47
2021-03-23,2021,3,Timed HODL,BUY,signal,KRBL,184.05,15692.14
2021-04-05,2021,4,Timed Entry+Exit,BUY,,SHILPAMED,171.47,15692.14
2021-04-05,2021,4,Timed HODL,BUY,signal,SHILPAMED,171.47,15692.14
2021-05-05,2021,5,Timed Entry+Exit,BUY,,KITEX,31.42,15692.14
2021-05-05,2021,5,Timed HODL,BUY,signal,KITEX,31.42,15692.14
2021-06-01,2021,6,Timed Entry+Exit,SELL,,KRBL,193.25,940306.92
2021-06-17,2021,6,Timed Entry+Exit,SELL,,SHILPAMED,256.36,23437.44
2021-06-25,2021,6,Timed Entry+Exit,SELL,,KITEX,38.78,19349.37
2021-08-05,2021,8,Timed HODL,BUY,fallback,TAJGVK,126.67,47076.42
2021-11-08,2021,11,Timed HODL,BUY,fallback,ARROWGREEN,107.44,47076.42
2021-12-20,2021,12,Timed Entry+Exit,BUY,,TASTYBITE,14261.22,1092938.7
2021-12-20,2021,12,Timed HODL,BUY,signal,TASTYBITE,14261.22,15692.14
2022-01-25,2022,1,Timed Entry+Exit,SELL,,TASTYBITE,12890.84,986929.19
2022-02-04,2022,2,Timed Entry+Exit,BUY,,TASTYBITE,12927.02,1021451.91
2022-02-04,2022,2,Timed HODL,BUY,signal,TASTYBITE,12927.02,34522.72
2022-02-21,2022,2,Timed Entry+Exit,SELL,,TASTYBITE,11945.91,942983.86
2022-03-03,2022,3,Timed Entry+Exit,BUY,,MUTHOOTFIN,1325.4,960245.22
2022-03-03,2022,3,Timed HODL,BUY,signal,MUTHOOTFIN,1325.4,17261.36
2022-03-21,2022,3,Timed Entry+Exit,SELL,,MUTHOOTFIN,1260.98,912660.24
2022-03-21,2022,3,Timed Entry+Exit,BUY,,SUNFLAG,70.7,912660.24
2022-03-29,2022,3,Timed Entry+Exit,SELL,,SUNFLAG,63.27,815943.71
2022-03-29,2022,3,Timed Entry+Exit,BUY,,TASTYBITE,10982.43,815943.71
2022-04-01,2022,4,Timed Entry+Exit,BUY,,GEOJITFSL,58.36,17261.36
2022-04-01,2022,4,Timed HODL,BUY,signal,GEOJITFSL,58.36,17261.36
2022-05-05,2022,5,Timed Entry+Exit,SELL,,GEOJITFSL,53.62,15842.36
2022-05-10,2022,5,Timed Entry+Exit,SELL,,TASTYBITE,10810.83,802391.93
2022-05-20,2022,5,Timed Entry+Exit,BUY,,AMJLAND,27.5,835495.66
2022-05-20,2022,5,Timed HODL,BUY,signal,AMJLAND,27.5,17261.36
2022-06-01,2022,6,Timed Entry+Exit,BUY,,ACE,205.37,8630.68
2022-06-01,2022,6,Timed Entry+Exit,BUY,,SHAKTIPUMP,78.28,8630.68
2022-06-01,2022,6,Timed HODL,BUY,signal,ACE,205.37,8630.68
2022-06-01,2022,6,Timed HODL,BUY,signal,SHAKTIPUMP,78.28,8630.68
2022-06-14,2022,6,Timed Entry+Exit,SELL,,AMJLAND,25.15,763372.81
2022-06-15,2022,6,Timed Entry+Exit,BUY,,GEOJITFSL,44.62,381686.41
2022-06-15,2022,6,Timed Entry+Exit,BUY,,UTIAMC,573.21,381686.41
2022-06-17,2022,6,Timed Entry+Exit,SELL,,UTIAMC,540.57,359594.08
2022-06-20,2022,6,Timed Entry+Exit,SELL,,GEOJITFSL,39.2,335028.18
2022-06-21,2022,6,Timed Entry+Exit,BUY,,GEOJITFSL,42.61,694622.26
2022-07-01,2022,7,Timed Entry+Exit,BUY,,MUTHOOTFIN,985.65,17261.36
2022-07-01,2022,7,Timed HODL,BUY,signal,MUTHOOTFIN,985.65,17261.36
2022-08-05,2022,8,Timed Entry+Exit,BUY,,ARROWGREEN,78.0,17261.36
2022-08-05,2022,8,Timed HODL,BUY,signal,ARROWGREEN,78.0,17261.36
2022-08-08,2022,8,Timed Entry+Exit,SELL,,ACE,218.43,9170.31
2022-08-08,2022,8,Timed Entry+Exit,SELL,,GEOJITFSL,45.31,737919.95
2022-08-12,2022,8,Timed Entry+Exit,BUY,,MOTILALOFS,749.36,747090.27
2022-08-22,2022,8,Timed Entry+Exit,SELL,,MUTHOOTFIN,973.12,17024.97
2022-09-08,2022,9,Timed Entry+Exit,BUY,,SILGO,22.84,34286.33
2022-09-08,2022,9,Timed HODL,BUY,signal,SILGO,22.84,17261.36
2022-09-21,2022,9,Timed Entry+Exit,SELL,,MOTILALOFS,737.05,734084.54
2022-09-22,2022,9,Timed Entry+Exit,SELL,,SHAKTIPUMP,85.64,9433.03
2022-09-30,2022,9,Timed Entry+Exit,SELL,,ARROWGREEN,93.27,20618.67
2022-09-30,2022,9,Timed Entry+Exit,SELL,,SILGO,21.81,32709.75
2022-10-03,2022,10,Timed Entry+Exit,BUY,,SILGO,22.16,814107.35
2022-10-03,2022,10,Timed HODL,BUY,signal,SILGO,22.16,17261.36
2022-10-06,2022,10,Timed Entry+Exit,SELL,,SILGO,20.14,739357.85
2022-10-18,2022,10,Timed Entry+Exit,BUY,,SILGO,21.04,739357.85
2022-10-21,2022,10,Timed Entry+Exit,SELL,,SILGO,20.49,719062.79
2022-10-28,2022,10,Timed Entry+Exit,BUY,,INDIANCARD,207.1,719062.79
2022-11-11,2022,11,Timed Entry+Exit,BUY,,SILGO,20.1,17261.36
2022-11-11,2022,11,Timed HODL,BUY,signal,SILGO,20.1,17261.36
2022-12-01,2022,12,Timed Entry+Exit,BUY,,KITEX,64.96,8630.68
2022-12-01,2022,12,Timed Entry+Exit,BUY,,SHILPAMED,152.17,8630.68
2022-12-01,2022,12,Timed HODL,BUY,signal,KITEX,64.96,8630.68
2022-12-01,2022,12,Timed HODL,BUY,signal,SHILPAMED,152.17,8630.68
2022-12-09,2022,12,Timed Entry+Exit,SELL,,INDIANCARD,206.6,716609.79
2022-12-15,2022,12,Timed Entry+Exit,BUY,,INDIANCARD,227.35,716609.79
2022-12-19,2022,12,Timed Entry+Exit,SELL,,KITEX,62.18,8253.25
2022-12-28,2022,12,Timed Entry+Exit,BUY,,KITEX,64.83,4126.63
2022-12-28,2022,12,Timed Entry+Exit,BUY,,SHAKTIPUMP,67.23,4126.63
2023-01-17,2023,1,Timed Entry+Exit,SELL,,INDIANCARD,227.4,716050.94
2023-01-19,2023,1,Timed Entry+Exit,SELL,,KITEX,60.49,3846.48
2023-01-19,2023,1,Timed Entry+Exit,SELL,,SHILPAMED,130.19,7376.99
2023-01-24,2023,1,Timed Entry+Exit,BUY,,KITEX,61.0,746261.91
2023-01-24,2023,1,Timed HODL,BUY,signal,KITEX,61.0,18987.49
2023-01-25,2023,1,Timed Entry+Exit,SELL,,KITEX,59.88,731851.54
2023-01-27,2023,1,Timed Entry+Exit,SELL,,SILGO,21.09,18089.77
2023-02-09,2023,2,Timed Entry+Exit,SELL,,SHAKTIPUMP,67.33,4128.61
2023-02-09,2023,2,Timed Entry+Exit,BUY,,SHILPAMED,122.13,773057.41
2023-02-09,2023,2,Timed HODL,BUY,signal,SHILPAMED,122.13,18987.49
2023-03-02,2023,3,Timed Entry+Exit,BUY,,ADANIPOWER,32.25,9493.75
2023-03-02,2023,3,Timed Entry+Exit,BUY,,JUBLFOOD,438.52,9493.75
2023-03-02,2023,3,Timed HODL,BUY,signal,ADANIPOWER,32.25,9493.75
2023-03-02,2023,3,Timed HODL,BUY,signal,JUBLFOOD,438.52,9493.75
2023-03-16,2023,3,Timed Entry+Exit,SELL,,SHILPAMED,121.05,765495.07
2023-03-21,2023,3,Timed Entry+Exit,BUY,,MUTHOOTFIN,917.68,765495.07
2023-04-03,2023,4,Timed Entry+Exit,BUY,,BSE,146.42,18987.49
2023-04-03,2023,4,Timed HODL,BUY,signal,BSE,146.42,18987.49
2023-06-20,2023,6,Timed Entry+Exit,SELL,,ADANIPOWER,52.34,15392.43
2023-06-26,2023,6,Timed Entry+Exit,SELL,,JUBLFOOD,483.64,10459.98
2023-06-28,2023,6,Timed HODL,BUY,fallback,ADANIPOWER,50.93,5425.0
2023-06-28,2023,6,Timed HODL,BUY,fallback,AMJLAND,25.45,5425.0
2023-06-28,2023,6,Timed HODL,BUY,fallback,JSWENERGY,269.79,5425.0
2023-06-28,2023,6,Timed HODL,BUY,fallback,JUBLFOOD,491.89,5425.0
2023-06-28,2023,6,Timed HODL,BUY,fallback,KRBL,335.5,5425.0
2023-06-28,2023,6,Timed HODL,BUY,fallback,SHILPAMED,122.98,5425.0
2023-06-28,2023,6,Timed HODL,BUY,fallback,SILGO,18.34,5425.0
2023-07-26,2023,7,Timed Entry+Exit,SELL,,MUTHOOTFIN,1264.53,1053769.76
2023-08-29,2023,8,Timed Entry+Exit,SELL,,BSE,300.71,38956.9
2023-08-30,2023,8,Timed HODL,BUY,fallback,INDIANCARD,209.65,18987.49
2023-08-30,2023,8,Timed HODL,BUY,fallback,KRISHANA,212.99,18987.49
2023-11-02,2023,11,Timed HODL,BUY,fallback,INDIANCARD,228.25,28481.24
2023-11-02,2023,11,Timed HODL,BUY,fallback,MBAPL,296.47,28481.24
2023-12-04,2023,12,Timed Entry+Exit,BUY,,MBAPL,289.25,1270478.99
2023-12-04,2023,12,Timed HODL,BUY,signal,MBAPL,289.25,18987.49
2024-01-05,2024,1,Timed Entry+Exit,BUY,,HILTON,138.55,20886.24
2024-01-05,2024,1,Timed HODL,BUY,signal,HILTON,138.55,20886.24
2024-02-01,2024,2,Timed Entry+Exit,BUY,,MOTILALOFS,441.48,20886.24
2024-02-01,2024,2,Timed HODL,BUY,signal,MOTILALOFS,441.48,20886.24
2024-02-16,2024,2,Timed Entry+Exit,SELL,,HILTON,128.75,19389.5
2024-02-22,2024,2,Timed Entry+Exit,BUY,,HILTON,141.05,19389.5
2024-03-13,2024,3,Timed Entry+Exit,SELL,,HILTON,116.2,15957.52
2024-03-18,2024,3,Timed Entry+Exit,SELL,,MBAPL,246.3,1080740.93
2024-03-26,2024,3,Timed Entry+Exit,BUY,,JUBLFOOD,464.03,1117584.69
2024-03-26,2024,3,Timed HODL,BUY,signal,JUBLFOOD,464.03,20886.24
2024-04-02,2024,4,Timed Entry+Exit,BUY,,KRBL,300.9,20886.24
2024-04-02,2024,4,Timed HODL,BUY,signal,KRBL,300.9,20886.24
2024-04-23,2024,4,Timed Entry+Exit,SELL,,JUBLFOOD,440.47,1059781.39
2024-04-25,2024,4,Timed Entry+Exit,BUY,,MBAPL,244.75,1059781.39
2024-05-08,2024,5,Timed Entry+Exit,SELL,,MBAPL,224.92,972938.02
2024-05-09,2024,5,Timed Entry+Exit,SELL,,KRBL,275.46,19101.43
2024-05-16,2024,5,Timed Entry+Exit,BUY,,HILTON,120.65,1012925.69
2024-05-16,2024,5,Timed HODL,BUY,signal,HILTON,120.65,20886.24
2024-05-24,2024,5,Timed Entry+Exit,SELL,,MOTILALOFS,553.58,26163.41
2024-06-05,2024,6,Timed Entry+Exit,SELL,,HILTON,108.6,910847.73
2024-06-07,2024,6,Timed Entry+Exit,BUY,,KRBL,275.32,957897.37
2024-06-07,2024,6,Timed HODL,BUY,signal,KRBL,275.32,20886.24
2024-07-03,2024,7,Timed Entry+Exit,BUY,,MBAPL,232.11,20886.24
2024-07-03,2024,7,Timed HODL,BUY,signal,MBAPL,232.11,20886.24
2024-07-10,2024,7,Timed Entry+Exit,SELL,,MBAPL,226.04,20318.92
2024-07-24,2024,7,Timed Entry+Exit,SELL,,KRBL,311.37,1082253.54
2024-07-30,2024,7,Timed Entry+Exit,BUY,,HILTON,91.34,1102572.45
2024-09-30,2024,9,Timed HODL,BUY,fallback,CGCL,206.73,4641.39
2024-09-30,2024,9,Timed HODL,BUY,fallback,HILTON,84.19,4641.39
2024-09-30,2024,9,Timed HODL,BUY,fallback,JINDRILL,615.78,4641.39
2024-09-30,2024,9,Timed HODL,BUY,fallback,KRBL,300.47,4641.39
2024-09-30,2024,9,Timed HODL,BUY,fallback,KRISHANA,234.5,4641.39
2024-09-30,2024,9,Timed HODL,BUY,fallback,MAHSEAMLES,632.93,4641.39
2024-09-30,2024,9,Timed HODL,BUY,fallback,MBAPL,215.09,4641.39
2024-09-30,2024,9,Timed HODL,BUY,fallback,SKMEGGPROD,125.38,4641.39
2024-09-30,2024,9,Timed HODL,BUY,fallback,TAJGVK,309.04,4641.39
2024-10-03,2024,10,Timed Entry+Exit,SELL,,HILTON,82.77,998124.67
2024-10-30,2024,10,Timed Entry+Exit,BUY,,GATEWAY,83.15,1060783.39
2024-10-30,2024,10,Timed HODL,BUY,signal,GATEWAY,83.15,20886.24
2024-11-21,2024,11,Timed Entry+Exit,SELL,,GATEWAY,76.98,981060.57
2024-11-26,2024,11,Timed Entry+Exit,BUY,,CGCL,211.34,1001946.81
2024-11-26,2024,11,Timed HODL,BUY,signal,CGCL,211.34,20886.24
2024-12-02,2024,12,Timed Entry+Exit,BUY,,GATEWAY,77.29,20886.24
2024-12-02,2024,12,Timed HODL,BUY,signal,GATEWAY,77.29,20886.24
2024-12-23,2024,12,Timed Entry+Exit,SELL,,GATEWAY,75.43,20364.21
2024-12-30,2024,12,Timed Entry+Exit,BUY,,ADANIPOWER,107.89,20364.21
2025-01-03,2025,1,Timed Entry+Exit,BUY,,CONFIPET,76.23,22974.86
2025-01-03,2025,1,Timed HODL,BUY,signal,CONFIPET,76.23,22974.86
2025-01-13,2025,1,Timed Entry+Exit,SELL,,ADANIPOWER,89.98,16966.73
2025-01-13,2025,1,Timed Entry+Exit,SELL,,CONFIPET,66.52,20028.45
2025-01-15,2025,1,Timed Entry+Exit,BUY,,ADANIPOWER,109.89,36995.18
2025-02-01,2025,2,Timed Entry+Exit,SELL,,CGCL,176.3,834980.62
2025-02-03,2025,2,Timed Entry+Exit,BUY,,SILGO,38.07,857955.48
2025-02-03,2025,2,Timed HODL,BUY,signal,SILGO,38.07,22974.86
2025-02-07,2025,2,Timed Entry+Exit,SELL,,ADANIPOWER,98.82,33235.14
2025-02-21,2025,2,Timed Entry+Exit,BUY,,CGCL,173.37,16617.57
2025-02-21,2025,2,Timed Entry+Exit,BUY,,JSWENERGY,494.65,16617.57
2025-02-28,2025,2,Timed Entry+Exit,BUY,,AETHER,855.35,15278.05
2025-02-28,2025,2,Timed Entry+Exit,SELL,,CGCL,159.55,15278.05
2025-03-06,2025,3,Timed Entry+Exit,BUY,,RKFORGE,694.14,22974.86
2025-03-06,2025,3,Timed HODL,BUY,signal,RKFORGE,694.14,22974.86
2025-03-12,2025,3,Timed Entry+Exit,BUY,,ACE,1166.21,423595.97
2025-03-12,2025,3,Timed Entry+Exit,BUY,,KRBL,261.66,423595.97
2025-03-12,2025,3,Timed Entry+Exit,SELL,,SILGO,37.63,847191.94
2025-03-18,2025,3,Timed Entry+Exit,SELL,,KRBL,257.6,416599.31
2025-03-19,2025,3,Timed Entry+Exit,BUY,,GENUSPOWER,266.98,138866.44
2025-03-19,2025,3,Timed Entry+Exit,BUY,,KRBL,267.71,138866.44
2025-03-19,2025,3,Timed Entry+Exit,BUY,,PRICOLLTD,419.13,138866.44
2025-04-02,2025,4,Timed Entry+Exit,BUY,,HILTON,75.98,22974.86
2025-04-02,2025,4,Timed HODL,BUY,signal,HILTON,75.98,22974.86
2025-04-08,2025,4,Timed Entry+Exit,SELL,,JSWENERGY,488.32,16388.69
2025-04-09,2025,4,Timed Entry+Exit,SELL,,HILTON,64.56,19502.16
2025-04-11,2025,4,Timed Entry+Exit,SELL,,PRICOLLTD,420.72,139255.43
2025-04-15,2025,4,Timed Entry+Exit,BUY,,PRICOLLTD,441.75,87573.14
2025-04-15,2025,4,Timed Entry+Exit,BUY,,SHILPAMED,327.43,87573.14
2025-04-23,2025,4,Timed Entry+Exit,SELL,,RKFORGE,677.42,22398.98
2025-05-02,2025,5,Timed Entry+Exit,BUY,,AETHER,829.15,45373.84
2025-05-02,2025,5,Timed HODL,BUY,signal,AETHER,829.15,22974.86
2025-05-06,2025,5,Timed Entry+Exit,SELL,,AETHER,802.55,58194.92
2025-05-07,2025,5,Timed Entry+Exit,SELL,,PRICOLLTD,426.95,84554.62
2025-05-07,2025,5,Timed Entry+Exit,SELL,,SHILPAMED,314.24,83962.96
2025-05-12,2025,5,Timed Entry+Exit,BUY,,PRICOLLTD,454.46,226712.5
2025-06-05,2025,6,Timed Entry+Exit,BUY,,AETHER,801.4,22974.86
2025-06-05,2025,6,Timed HODL,BUY,signal,AETHER,801.4,22974.86
2025-06-17,2025,6,Timed Entry+Exit,SELL,,GENUSPOWER,358.12,186087.99
2025-06-17,2025,6,Timed Entry+Exit,SELL,,KRBL,353.56,183215.02
2025-07-01,2025,7,Timed Entry+Exit,SELL,,AETHER,757.75,21701.77
2025-08-26,2025,8,Timed Entry+Exit,BUY,,ACE,1042.8,436954.5
2025-08-26,2025,8,Timed HODL,BUY,signal,ACE,1042.8,45949.72
2025-09-04,2025,9,Timed Entry+Exit,BUY,,ANUP,2325.7,22974.86
2025-09-04,2025,9,Timed HODL,BUY,signal,ANUP,2325.7,22974.86
2025-10-01,2025,10,Timed Entry+Exit,SELL,,ACE,1069.6,835852.03
2025-10-06,2025,10,Timed Entry+Exit,SELL,,PRICOLLTD,505.33,251841.39
2025-10-29,2025,10,Timed Entry+Exit,SELL,,ANUP,2303.1,22728.86
2025-10-29,2025,10,Timed Entry+Exit,BUY,,JUBLFOOD,613.05,566698.57
2025-10-29,2025,10,Timed Entry+Exit,BUY,,MAHSEAMLES,572.8,566698.57
2025-10-29,2025,10,Timed HODL,BUY,signal,JUBLFOOD,613.05,11487.43
2025-10-29,2025,10,Timed HODL,BUY,signal,MAHSEAMLES,572.8,11487.43
2025-11-07,2025,11,Timed Entry+Exit,SELL,,MAHSEAMLES,548.55,542164.45
2025-11-10,2025,11,Timed Entry+Exit,SELL,,JUBLFOOD,584.35,539628.61
2025-11-14,2025,11,Timed Entry+Exit,BUY,,JUBLFOOD,615.3,552383.96
2025-11-14,2025,11,Timed Entry+Exit,BUY,,MAHSEAMLES,562.95,552383.96
2025-11-14,2025,11,Timed HODL,BUY,signal,JUBLFOOD,615.3,11487.43
2025-11-14,2025,11,Timed HODL,BUY,signal,MAHSEAMLES,562.95,11487.43
2025-12-04,2025,12,Timed Entry+Exit,BUY,,EPIGRAL,1475.2,22974.86
2025-12-04,2025,12,Timed HODL,BUY,signal,EPIGRAL,1475.2,22974.86
2025-12-09,2025,12,Timed Entry+Exit,SELL,,EPIGRAL,1444.8,22478.92
2025-12-09,2025,12,Timed Entry+Exit,BUY,,GATEWAY,59.65,22478.92
2025-12-10,2025,12,Timed Entry+Exit,SELL,,JUBLFOOD,583.1,522953.27
2025-12-11,2025,12,Timed Entry+Exit,BUY,,JUBLFOOD,597.9,522953.27
2025-12-15,2025,12,Timed Entry+Exit,SELL,,JUBLFOOD,577.45,504561.85
2025-12-15,2025,12,Timed Entry+Exit,BUY,,SHAKTIPUMP,752.2,252280.92
2025-12-15,2025,12,Timed Entry+Exit,BUY,,TARIL,306.3,252280.92
2026-01-07,2026,1,Timed Entry+Exit,SELL,,GATEWAY,57.64,21701.46
2026-01-07,2026,1,Timed Entry+Exit,BUY,,KAYNES,3831.3,46973.81
2026-01-07,2026,1,Timed HODL,BUY,signal,KAYNES,3831.3,25272.35
2026-01-12,2026,1,Timed Entry+Exit,SELL,,MAHSEAMLES,520.95,510661.34
2026-01-20,2026,1,Timed Entry+Exit,SELL,,SHAKTIPUMP,660.0,221136.65
2026-01-20,2026,1,Timed Entry+Exit,SELL,,TARIL,242.2,199286.22
2026-01-28,2026,1,Timed Entry+Exit,BUY,,KITEX,188.22,931084.21
2026-02-03,2026,2,Timed Entry+Exit,BUY,,ACE,866.9,5054.47
2026-02-03,2026,2,Timed Entry+Exit,BUY,,ELECON,447.05,5054.47
2026-02-03,2026,2,Timed Entry+Exit,BUY,,MAHSEAMLES,525.15,5054.47
2026-02-03,2026,2,Timed Entry+Exit,BUY,,RANEHOLDIN,1359.8,5054.47
2026-02-03,2026,2,Timed Entry+Exit,BUY,,SHILPAMED,299.95,5054.47
2026-02-03,2026,2,Timed HODL,BUY,signal,ACE,866.9,5054.47
2026-02-03,2026,2,Timed HODL,BUY,signal,ELECON,447.05,5054.47
2026-02-03,2026,2,Timed HODL,BUY,signal,MAHSEAMLES,525.15,5054.47
2026-02-03,2026,2,Timed HODL,BUY,signal,RANEHOLDIN,1359.8,5054.47
2026-02-03,2026,2,Timed HODL,BUY,signal,SHILPAMED,299.95,5054.47
2026-02-19,2026,2,Timed Entry+Exit,SELL,,RANEHOLDIN,1254.4,4658.03
2026-02-23,2026,2,Timed Entry+Exit,BUY,,AMJLAND,41.12,4658.03
2026-03-02,2026,3,Timed Entry+Exit,BUY,,JINDRILL,522.15,25272.35
2026-03-02,2026,3,Timed HODL,BUY,signal,JINDRILL,522.15,25272.35
2026-03-04,2026,3,Timed Entry+Exit,SELL,,ELECON,392.4,4432.15
2026-03-11,2026,3,Timed Entry+Exit,BUY,,EPIGRAL,875.9,4432.15
2026-03-16,2026,3,Timed Entry+Exit,SELL,,ACE,817.3,4760.51
2026-03-16,2026,3,Timed Entry+Exit,SELL,,AMJLAND,36.28,4105.65
2026-03-16,2026,3,Timed Entry+Exit,BUY,,HILTON,16.09,8866.17
2026-03-18,2026,3,Timed Entry+Exit,BUY,,ANUP,1658.2,11471.55
2026-03-18,2026,3,Timed Entry+Exit,SELL,,JINDRILL,474.5,22943.11
2026-03-18,2026,3,Timed Entry+Exit,BUY,,SHAKTIPUMP,511.25,11471.55
2026-04-01,2026,4,Timed Entry+Exit,BUY,,TAJGVK,318.6,25272.35
2026-04-01,2026,4,Timed HODL,BUY,signal,TAJGVK,318.6,25272.35
